Customer,Tenant,DeviceId
urmond,b303ca9a-3efd-4f10-93f4-be39ecd616ff,a8828887f8e6bf1e00a90d87d27de079897e41a6
urmond,b303ca9a-3efd-4f10-93f4-be39ecd616ff,81a74579ce7bd51d0b0c58bad4da973daf5e992a
urmond,b303ca9a-3efd-4f10-93f4-be39ecd616ff,946681f154d69bc3ee9e0447f916ab44a23b8824
urmond,b303ca9a-3efd-4f10-93f4-be39ecd616ff,aeef92be3012786ffaeb0b82de20b9e199687c60
urmond,b303ca9a-3efd-4f10-93f4-be39ecd616ff,eb4e22452f8968de49bb14d89289db1467dabb96
urmond,b303ca9a-3efd-4f10-93f4-be39ecd616ff,ee53b1fcf7ec5c3d73003a4fe94b64d990a50916
urmond,b303ca9a-3efd-4f10-93f4-be39ecd616ff,a8e6692bd615345ea9bbd14d4a077dc2772f31e5
urmond,b303ca9a-3efd-4f10-93f4-be39ecd616ff,6eea5cbce86fad8737e22c42ced48eaa3afc5e6b
urmond,b303ca9a-3efd-4f10-93f4-be39ecd616ff,6e7946999dc80ba4f6e5027fb09bc315183d22cb
urmond,b303ca9a-3efd-4f10-93f4-be39ecd616ff,48d7461370e1c7ab2cc06d7de1cc31377da543bf
urmond,b303ca9a-3efd-4f10-93f4-be39ecd616ff,ed628f7294fdaa1c786f579f230c960b8e8507c0
urmond,b303ca9a-3efd-4f10-93f4-be39ecd616ff,5f6ea140b57fdcca8d5a474b0ad20075729d91e7
urmond,b303ca9a-3efd-4f10-93f4-be39ecd616ff,35fd986a3403cb1fb620ed375b34d4e438eef2d9
urmond,b303ca9a-3efd-4f10-93f4-be39ecd616ff,dbed6c05bcb7f1004f21f49fc7182cac19cf68a9
urmond,b303ca9a-3efd-4f10-93f4-be39ecd616ff,a2ad49b0e52557219bc75c5e98acfbbfd88fe760
urmond,b303ca9a-3efd-4f10-93f4-be39ecd616ff,5770be74a33afaa86345057e66d506f435b85905
urmond,b303ca9a-3efd-4f10-93f4-be39ecd616ff,522ca47d832a3b3ef193eb1a46fa752cc499f5e8
urmond,b303ca9a-3efd-4f10-93f4-be39ecd616ff,00655ccfe3e0c23f9e0355667ba1e8f38ae6d6e7
urmond,b303ca9a-3efd-4f10-93f4-be39ecd616ff,e0569770082c5e7a8c29924d318a3916dfd60699
urmond,b303ca9a-3efd-4f10-93f4-be39ecd616ff,bd82fdf57f174a039734afb2634b121afe21b9af
urmond,b303ca9a-3efd-4f10-93f4-be39ecd616ff,83707723618ca2dbe713908f3c5e565a50e04e3b
urmond,b303ca9a-3efd-4f10-93f4-be39ecd616ff,98998ce2a9cb6e9cacdf939a4463e6de65d58626
urmond,b303ca9a-3efd-4f10-93f4-be39ecd616ff,6bc9a03c81a69394b4b5eb9c3faa15a509f59eb6
urmond,b303ca9a-3efd-4f10-93f4-be39ecd616ff,7ab1798fbbd18be65f2b8c4f925f631ca4fb6b31
urmond,b303ca9a-3efd-4f10-93f4-be39ecd616ff,e5afa2a7a071d31d9eafad2ee7539319a9ba0473
urmond,b303ca9a-3efd-4f10-93f4-be39ecd616ff,7466ea6cb3c580c72241ef8dab66879e092b33f8
urmond,b303ca9a-3efd-4f10-93f4-be39ecd616ff,710408fe281725a36f9cdc33b10c3622658d2bff
urmond,b303ca9a-3efd-4f10-93f4-be39ecd616ff,f22d5c8e9cd4b779db2517734fc19e390f4fb70f
urmond,b303ca9a-3efd-4f10-93f4-be39ecd616ff,78796d94208139f968c0e48b6d0e4b0ae63eb054
urmond,b303ca9a-3efd-4f10-93f4-be39ecd616ff,1be87e777a181c965a049c76a0728adea48539ec
urmond,b303ca9a-3efd-4f10-93f4-be39ecd616ff,b62ac0eba435571e98f64079d041466b4898563f
urmond,b303ca9a-3efd-4f10-93f4-be39ecd616ff,5d83d70ecec69f0e33e9b2b6be0b1a1a65dd0598
urmond,b303ca9a-3efd-4f10-93f4-be39ecd616ff,b5b5c05c89ff4a4e39c2f6f27846fe97c801088b
urmond,b303ca9a-3efd-4f10-93f4-be39ecd616ff,30d378fc1d2fe0bdca8b873945e3f2e36fc5eb74
urmond,b303ca9a-3efd-4f10-93f4-be39ecd616ff,e6e65614a10bd378b56763d0d15a32aeb9194ceb
urmond,b303ca9a-3efd-4f10-93f4-be39ecd616ff,95f07d406198e798b4cc67cca5e041674aacd6f1
urmond,b303ca9a-3efd-4f10-93f4-be39ecd616ff,7c23553c51028d4e105f882ec4b8b75682ce5b40
urmond,b303ca9a-3efd-4f10-93f4-be39ecd616ff,6d24a307df2e648b578299d4ca000ffd2c1f62af
urmond,b303ca9a-3efd-4f10-93f4-be39ecd616ff,ff2c8284b8673cac307e9d65cf341b903e44106f
urmond,b303ca9a-3efd-4f10-93f4-be39ecd616ff,4b979755d9ebc07b9fd9802598aa0a9df4b57fe5
urmond,b303ca9a-3efd-4f10-93f4-be39ecd616ff,a2efbbbe1d42cb6d1213a0cbab9e5887444d0914
urmond,b303ca9a-3efd-4f10-93f4-be39ecd616ff,e8f0c2692f81e1b0b6d47f38c7b62ebf77baef92
urmond,b303ca9a-3efd-4f10-93f4-be39ecd616ff,8db1e6d37d7d1d36aaea4a77eaa197d3b0a80971
urmond,b303ca9a-3efd-4f10-93f4-be39ecd616ff,fd8e0b2357e641fe003ff1a435bb83a6280ed62e
urmond,b303ca9a-3efd-4f10-93f4-be39ecd616ff,800ec1b94ecacb5eda16042f53b928b269216a88
urmond,b303ca9a-3efd-4f10-93f4-be39ecd616ff,4fd560117d2bf5280931a97f9be0a39d8eac56c6
urmond,b303ca9a-3efd-4f10-93f4-be39ecd616ff,ba2bbf2119509685cdcbec4407e1193d1ca380ba
urmond,b303ca9a-3efd-4f10-93f4-be39ecd616ff,5fff1933f8f969b922561ed7afc470e42353580a
urmond,b303ca9a-3efd-4f10-93f4-be39ecd616ff,162662a9375a274206916d509bd1a394a3c1b9ad
urmond,b303ca9a-3efd-4f10-93f4-be39ecd616ff,048a4327b8f8a16a8eee879e330b67672bfdf483
urmond,b303ca9a-3efd-4f10-93f4-be39ecd616ff,5233c2241254186ce76247291f4d78480f4a45f8
urmond,b303ca9a-3efd-4f10-93f4-be39ecd616ff,bd86242768462471165828120822e8a825143ef2
urmond,b303ca9a-3efd-4f10-93f4-be39ecd616ff,80d713f590212aaad9dc6251d34f8d57e7448040
urmond,b303ca9a-3efd-4f10-93f4-be39ecd616ff,4a4cd7e82eac8e0ffded5abc35d25c367d165cb8
urmond,b303ca9a-3efd-4f10-93f4-be39ecd616ff,e11a88b6df2cf22f492c76ea7808846bc34262af
urmond,b303ca9a-3efd-4f10-93f4-be39ecd616ff,890aec19ba76b859c6728201d3ccc6629981a268
urmond,b303ca9a-3efd-4f10-93f4-be39ecd616ff,a5f5b90a6bb775e27551d78e01f18e5a5c0fc09e
urmond,b303ca9a-3efd-4f10-93f4-be39ecd616ff,0c39b195e2d159ebc9d0e7d46962be76329c8032
urmond,b303ca9a-3efd-4f10-93f4-be39ecd616ff,0fbe5de705df10d198fa5253d210dd5101ffa943
urmond,b303ca9a-3efd-4f10-93f4-be39ecd616ff,5698eff44dea825c607fc9e17d8ef7a0101ae384
urmond,b303ca9a-3efd-4f10-93f4-be39ecd616ff,a55008fe2c2ec3f61de69d0d4ae3bee80c0ca090
urmond,b303ca9a-3efd-4f10-93f4-be39ecd616ff,2893217ee8e9c912e5c56c514e63d9503c4e5066
urmond,b303ca9a-3efd-4f10-93f4-be39ecd616ff,f82a7a861852c464b9c0146debc26567fd5e91f9
urmond,b303ca9a-3efd-4f10-93f4-be39ecd616ff,d46cbb354422e1feef6794cc5b60dc9018e0a4e5
urmond,b303ca9a-3efd-4f10-93f4-be39ecd616ff,4cf593b4ca786b9afb7fa63a0bcb40a80ffc6071
urmond,b303ca9a-3efd-4f10-93f4-be39ecd616ff,e4ec372b9d70520761ca42ae006b26ed25b5020b
urmond,b303ca9a-3efd-4f10-93f4-be39ecd616ff,747715f6cfabc578c6c8bcc2ffb7c38a0176fc90
urmond,b303ca9a-3efd-4f10-93f4-be39ecd616ff,576818b4697d3cf8125a584b0acff532c50aea4b
urmond,b303ca9a-3efd-4f10-93f4-be39ecd616ff,d64974124744db3fb1ed8159815de52a18badc81
urmond,b303ca9a-3efd-4f10-93f4-be39ecd616ff,18e28d68ee222a00efbcce291433d36d2ed7417f
urmond,b303ca9a-3efd-4f10-93f4-be39ecd616ff,e5aff70a4f21248037854c6e5f92c5920f9c4af1
urmond,b303ca9a-3efd-4f10-93f4-be39ecd616ff,f025b044fe0048c8a1463f32c873df3bdc4c2082
urmond,b303ca9a-3efd-4f10-93f4-be39ecd616ff,eaf9b50f1a90a96ab5f1447abdf4d688e67a9a32
urmond,b303ca9a-3efd-4f10-93f4-be39ecd616ff,527c389f9b1cb681883d15032b64113af5869d4d
urmond,b303ca9a-3efd-4f10-93f4-be39ecd616ff,139fd2c58d95b53aa0255f5d5675c0a2fae5d37d
urmond,b303ca9a-3efd-4f10-93f4-be39ecd616ff,02e08c0bf03b65c05c269b4cb6340d97d1d16bf6
urmond,b303ca9a-3efd-4f10-93f4-be39ecd616ff,dde2c0d2c8b0a633033dd4131ff72c60076e4105
urmond,b303ca9a-3efd-4f10-93f4-be39ecd616ff,636e6e5fcccdc356ef83cb8faadd6015ea4f39ab
urmond,b303ca9a-3efd-4f10-93f4-be39ecd616ff,c8e0c44ee0846eaf9410697734096be128cffeba
urmond,b303ca9a-3efd-4f10-93f4-be39ecd616ff,7780ee9b4834744df62fa5f37875c405317b9d50
urmond,b303ca9a-3efd-4f10-93f4-be39ecd616ff,fff12ff96ed975ce0435e05f12f8c8a282bb9d3c
urmond,b303ca9a-3efd-4f10-93f4-be39ecd616ff,20a675761b61fe75296803eaf3749eb28ced72e4
urmond,b303ca9a-3efd-4f10-93f4-be39ecd616ff,69b11e6b7fee13f3863348199e7762900993fb38
urmond,b303ca9a-3efd-4f10-93f4-be39ecd616ff,c56a274b4b7cc63924bef64b42836ebe66f5f478
urmond,b303ca9a-3efd-4f10-93f4-be39ecd616ff,2ed9bf5ce8bac4b17ef6618a045df0f40203c59a
urmond,b303ca9a-3efd-4f10-93f4-be39ecd616ff,b5175790ae5f90496005e778a6f30ae44ce237ea
urmond,b303ca9a-3efd-4f10-93f4-be39ecd616ff,774de6752339d21c429d66327490ecb234d633bc
urmond,b303ca9a-3efd-4f10-93f4-be39ecd616ff,0f660f7dbbd8728ee4891f96e1af24446b7a04fb
urmond,b303ca9a-3efd-4f10-93f4-be39ecd616ff,446fc4895bfc482dcedffe45c3b0c8349b273e68
urmond,b303ca9a-3efd-4f10-93f4-be39ecd616ff,fd82cff4c7f0f67ef5316d02ab6065d17015ac34
urmond,b303ca9a-3efd-4f10-93f4-be39ecd616ff,41cfe7547db755c89355d9e51a8543a34ada70fc
urmond,b303ca9a-3efd-4f10-93f4-be39ecd616ff,d2a16f263e6570413dff915b7e44e8d70357abf0
urmond,b303ca9a-3efd-4f10-93f4-be39ecd616ff,b3e3c425480f340d9eecd994ee01b0df9974cd40
urmond,b303ca9a-3efd-4f10-93f4-be39ecd616ff,f26fd114c24a25bb41cea04813fb0ed585fd55f1
urmond,b303ca9a-3efd-4f10-93f4-be39ecd616ff,a80dce3c64419a64699db5d185e079ead8a33f6a
urmond,b303ca9a-3efd-4f10-93f4-be39ecd616ff,0f17987a042d569f65a1b9b15bf723118db468b1
urmond,b303ca9a-3efd-4f10-93f4-be39ecd616ff,51646d2d13388c2371937b01a7e0ebbc182e6330
urmond,b303ca9a-3efd-4f10-93f4-be39ecd616ff,14e4dcf3dc34818c5509197acc096ccfd4df9444
urmond,b303ca9a-3efd-4f10-93f4-be39ecd616ff,4599946cf2710b02c906883f0276339332c4dece
urmond,b303ca9a-3efd-4f10-93f4-be39ecd616ff,d7c50d729cf13489bfd8f417854348b6be9048fd
urmond,b303ca9a-3efd-4f10-93f4-be39ecd616ff,5f1f2674f849b9a05410cb28349ee43d69dfce1c
urmond,b303ca9a-3efd-4f10-93f4-be39ecd616ff,b8e97d1f119c3507fe712ff7806ee277d2ca4eb6
urmond,b303ca9a-3efd-4f10-93f4-be39ecd616ff,97dc2e48c93f5a33e5dd2ebc3b6513144217934f
urmond,b303ca9a-3efd-4f10-93f4-be39ecd616ff,a131f6cfe7f6ee2d98ea6976154de40be0590895
urmond,b303ca9a-3efd-4f10-93f4-be39ecd616ff,f7c9832a4c451e0e02402d89d371c8511ac0af55
urmond,b303ca9a-3efd-4f10-93f4-be39ecd616ff,f50ad135d7cebc9d584333a6ea0afde359e59d65
urmond,b303ca9a-3efd-4f10-93f4-be39ecd616ff,bc8c3f593380d42863d6f3c8c2eee91bf3ce8359
urmond,b303ca9a-3efd-4f10-93f4-be39ecd616ff,d7f4a333ba01ce252978d93b597ab3fc9b33bd2d
urmond,b303ca9a-3efd-4f10-93f4-be39ecd616ff,d0e86496828f44572a53e1ccb2a9f811810fe9c3
urmond,b303ca9a-3efd-4f10-93f4-be39ecd616ff,bb1d6f2ca318c9a0c898d320b73d8f9f013d1f25
urmond,b303ca9a-3efd-4f10-93f4-be39ecd616ff,64294eab8a5bb0c9058d8fc1815b426e99270cfb
urmond,b303ca9a-3efd-4f10-93f4-be39ecd616ff,d40bc0a6db5454ea2badb530ae8e7fea2ac525b8
urmond,b303ca9a-3efd-4f10-93f4-be39ecd616ff,0709f3e73a23493ab8344151b27cc150c2c8f956
urmond,b303ca9a-3efd-4f10-93f4-be39ecd616ff,f7fa179683dd97d32bb480a5b048df5909ec9cd5
urmond,b303ca9a-3efd-4f10-93f4-be39ecd616ff,054b6153fdc7787a67b8cb7fbc4d7798bf4bd88c
urmond,b303ca9a-3efd-4f10-93f4-be39ecd616ff,7104acb00281e0f717efd2fd4cdd970a70d5ed19
urmond,b303ca9a-3efd-4f10-93f4-be39ecd616ff,0ff140884b6ce5f82dba4475d2d9cb656e9500d7
urmond,b303ca9a-3efd-4f10-93f4-be39ecd616ff,d9183ac6b4383ed8e9955b1b5d4ee8ffd16284a4
urmond,b303ca9a-3efd-4f10-93f4-be39ecd616ff,08876138eca89321f2ff0828d3467910e950edaf
urmond,b303ca9a-3efd-4f10-93f4-be39ecd616ff,e468e6088db1e5fdc9cf142e413253ff3b8d53e6
urmond,b303ca9a-3efd-4f10-93f4-be39ecd616ff,75ca3eb3d1e05a9d0374805cdbfe497b9a81f05b
urmond,b303ca9a-3efd-4f10-93f4-be39ecd616ff,b0c802d755311846c79e0c449387ef79e788d9a7
urmond,b303ca9a-3efd-4f10-93f4-be39ecd616ff,08fb5a463256f6e47f5c1795aed6eef724dd440d
urmond,b303ca9a-3efd-4f10-93f4-be39ecd616ff,4f7e8be8c91f625db8a9cdea2343711377372045
urmond,b303ca9a-3efd-4f10-93f4-be39ecd616ff,13d75d28b3bf9012c884aff6936aa5a9f3fd4e64
hegelsom,074e3780-2527-41ac-b453-1ff18b3f6d36,244336fd5e237ac41b70baec487ae71bb12ac568
hegelsom,074e3780-2527-41ac-b453-1ff18b3f6d36,d2aab8794f834114dad40999c619240042d03e7c
hegelsom,074e3780-2527-41ac-b453-1ff18b3f6d36,dd20878418cc0433e5565935d6a880beeadf53ce
hegelsom,074e3780-2527-41ac-b453-1ff18b3f6d36,98cf45712b91af8d5505b5391b7b012e8c1d6f1c
hegelsom,074e3780-2527-41ac-b453-1ff18b3f6d36,9ca36ac65f1798730573a8ccac2680e21d331ce7
hegelsom,074e3780-2527-41ac-b453-1ff18b3f6d36,1d2c867ad517f8734277e7a305e9067d847cf0c6
hegelsom,074e3780-2527-41ac-b453-1ff18b3f6d36,aad6a69f21eae42869547a5cbdd2019185fea349
hegelsom,074e3780-2527-41ac-b453-1ff18b3f6d36,18f6529055685206bbc0f5169a3a56a6d68dae39
hegelsom,074e3780-2527-41ac-b453-1ff18b3f6d36,9ad1b92e266d91059c6418b95495dbe32ff0dea3
hegelsom,074e3780-2527-41ac-b453-1ff18b3f6d36,79c0aaf5c28f740d2c820f196d70817e4ea895e4
hegelsom,074e3780-2527-41ac-b453-1ff18b3f6d36,f4a5e2e90fa1999862066b2390878392f0ff04f3
hegelsom,074e3780-2527-41ac-b453-1ff18b3f6d36,8979b8b380d50997440c4ff6707d0b02769f9a91
hegelsom,074e3780-2527-41ac-b453-1ff18b3f6d36,b7fbeb871f0909f9f57f232485808abf77e87d32
hegelsom,074e3780-2527-41ac-b453-1ff18b3f6d36,592584fcc377545b5743c449ecaac75bea48f592
hegelsom,074e3780-2527-41ac-b453-1ff18b3f6d36,0fcbd50d9dfc7783aa5e733396b6d2604c5f033c
hegelsom,074e3780-2527-41ac-b453-1ff18b3f6d36,e025238a76711b9904983a788fb9613862376a3e
hegelsom,074e3780-2527-41ac-b453-1ff18b3f6d36,819ecff3a53c7549a0b1720e3c71f196d3f2e535
hegelsom,074e3780-2527-41ac-b453-1ff18b3f6d36,346930e501e2e6fbd21fb413475ee5321bd30c68
hegelsom,074e3780-2527-41ac-b453-1ff18b3f6d36,ef00ebfca7ed6d6581ed3586ddfa61602123bb38
hegelsom,074e3780-2527-41ac-b453-1ff18b3f6d36,7580fd61f60db204c4230a7ee5178b0ea631b24b
hegelsom,074e3780-2527-41ac-b453-1ff18b3f6d36,9364e8e1f1f68df604b5af374cc2fe3c06f52e3d
hegelsom,074e3780-2527-41ac-b453-1ff18b3f6d36,786335cef50e3389cf051e45daf554fde49f558f
hegelsom,074e3780-2527-41ac-b453-1ff18b3f6d36,ff50f4c581a07d01804b6e4add9ece779d94991e
hegelsom,074e3780-2527-41ac-b453-1ff18b3f6d36,3406cbb45d2a5eb0f986dc02e550173da1966ec2
hegelsom,074e3780-2527-41ac-b453-1ff18b3f6d36,73bf25e16aabb7343a515f2e7bd8166cd810a0e5
hegelsom,074e3780-2527-41ac-b453-1ff18b3f6d36,9ec3e1698d45bdbf345487c4dd2191ab9e423576
hegelsom,074e3780-2527-41ac-b453-1ff18b3f6d36,fd898e7147da442d930ca2d0818b6b676b6171e8
hegelsom,074e3780-2527-41ac-b453-1ff18b3f6d36,455173ca3d11cf0f319ada5f007bdcbefc4601c7
hegelsom,074e3780-2527-41ac-b453-1ff18b3f6d36,8f531b326c5cace5e590d34b315daea7fa0eebbf
hegelsom,074e3780-2527-41ac-b453-1ff18b3f6d36,6a9addc6b56978e0982fce7bd840e8f651bb5ead
hegelsom,074e3780-2527-41ac-b453-1ff18b3f6d36,28f7408e6e446dbd786b91592eb3d977da206f6c
hegelsom,074e3780-2527-41ac-b453-1ff18b3f6d36,b437edef5d4c7dc9da9d37d9e54bda96fcc3427f
hegelsom,074e3780-2527-41ac-b453-1ff18b3f6d36,e16b9008da8ee74152f1f51f0f372e0e0b8a9833
hegelsom,074e3780-2527-41ac-b453-1ff18b3f6d36,f7ffadc8ff34842c519d56998c144e90a88c53a5
hegelsom,074e3780-2527-41ac-b453-1ff18b3f6d36,86c967ba5d19eec537dbccfca670e123db4f17e3
hegelsom,074e3780-2527-41ac-b453-1ff18b3f6d36,8b43d87c1187a2d9a48d0133b85c03401d45f9ea
hegelsom,074e3780-2527-41ac-b453-1ff18b3f6d36,7f530ebaf28d5e5ae838c838a4d181281bd984b4
hegelsom,074e3780-2527-41ac-b453-1ff18b3f6d36,4edc20efaff5596400a1917207924e981ddbc230
hegelsom,074e3780-2527-41ac-b453-1ff18b3f6d36,a9cb5e7218ed3456a70562b88e04c23bf9e9c203
hegelsom,074e3780-2527-41ac-b453-1ff18b3f6d36,2594f46656f758b30b0df6910e83b34b46843370
hegelsom,074e3780-2527-41ac-b453-1ff18b3f6d36,2a03ad61677792028f13cfff8ee2d68f8a5d0352
hegelsom,074e3780-2527-41ac-b453-1ff18b3f6d36,e91d837eac61494dbd218710233c2085f390bd8b
hegelsom,074e3780-2527-41ac-b453-1ff18b3f6d36,fca6641c994208f8eb99e0f53f5aae06a31ca4fd
hegelsom,074e3780-2527-41ac-b453-1ff18b3f6d36,4a8139c8d909aa88272584f0d82947ce4496911c
hegelsom,074e3780-2527-41ac-b453-1ff18b3f6d36,3efef791c2e5e685c88fcb667984496c59ec66ba
hegelsom,074e3780-2527-41ac-b453-1ff18b3f6d36,8d627c290bfcf48784a336867f5a753777277153
hegelsom,074e3780-2527-41ac-b453-1ff18b3f6d36,e3cd74e409d2894571a1ee26962ec584583fa87a
hegelsom,074e3780-2527-41ac-b453-1ff18b3f6d36,8a164e958730a2fe847ada18e6ade377f6fcd43e
hegelsom,074e3780-2527-41ac-b453-1ff18b3f6d36,0f2298c8c6275b89ea4a70530f88a6b24e3dbbf9
hegelsom,074e3780-2527-41ac-b453-1ff18b3f6d36,4182927250b02e7fa535f6473fd6d48e2c55a020
hegelsom,074e3780-2527-41ac-b453-1ff18b3f6d36,a9a74c5bf4946b8a665e558fa9131138d7a9ccc9
hegelsom,074e3780-2527-41ac-b453-1ff18b3f6d36,882f49d7996634326c1e6573381682e8600cf3db
hegelsom,074e3780-2527-41ac-b453-1ff18b3f6d36,9b3000ae27f127e64b3a5cb56c771972ca50fbd9
hegelsom,074e3780-2527-41ac-b453-1ff18b3f6d36,8202b2994328c665c3a2a0f5380de2429a07bb99
hegelsom,074e3780-2527-41ac-b453-1ff18b3f6d36,30365811fdea2659a3618f04e3e23b216e0fdb31
hegelsom,074e3780-2527-41ac-b453-1ff18b3f6d36,a0d27fa6fa81b2f01dc35fd3642931123c3d41e3
hegelsom,074e3780-2527-41ac-b453-1ff18b3f6d36,77162b32846e2cebb824e2f3550457bf2c766942
hegelsom,074e3780-2527-41ac-b453-1ff18b3f6d36,f31828ba2fc26aa3b9653bb0548cd330a5f86ae7
hegelsom,074e3780-2527-41ac-b453-1ff18b3f6d36,83809bd3e4bcf39a874918cddbe1ec222c59ccec
hegelsom,074e3780-2527-41ac-b453-1ff18b3f6d36,0488f409f7b26b9de04c7ff24340920f3464f62d
hegelsom,074e3780-2527-41ac-b453-1ff18b3f6d36,708f3e3edcde304275c3522f63252231bcba8e03
hegelsom,074e3780-2527-41ac-b453-1ff18b3f6d36,7aff05e1be4c0fbabf304480199d7c73f1425462
hegelsom,074e3780-2527-41ac-b453-1ff18b3f6d36,5a1f3b2a26eb4bab4798e9cf7ad5404b61ecb9f9
hegelsom,074e3780-2527-41ac-b453-1ff18b3f6d36,cb6e07c9d1d1c37443976366a27a34086b35db0c
hegelsom,074e3780-2527-41ac-b453-1ff18b3f6d36,028bd343e5e83f79940d37c0e03217bac0db8e4b
hegelsom,074e3780-2527-41ac-b453-1ff18b3f6d36,ae1003c4a022da37032083d79083889771285f70
hegelsom,074e3780-2527-41ac-b453-1ff18b3f6d36,b15d7278f3e33adad1b2fa2977d2a20e23f647dd
hegelsom,074e3780-2527-41ac-b453-1ff18b3f6d36,310c78c00428b0665a6376c06e8376f6a669619d
hegelsom,074e3780-2527-41ac-b453-1ff18b3f6d36,594ce43814a9d00676744c25069c80de6656467d
hegelsom,074e3780-2527-41ac-b453-1ff18b3f6d36,02c1aa5e74bfc8361bf7356a3cc0e16c7d638751
hegelsom,074e3780-2527-41ac-b453-1ff18b3f6d36,deb3229e7953c811a01ab66236aca22343e68fb7
hegelsom,074e3780-2527-41ac-b453-1ff18b3f6d36,eedcbc9b6f2058ecf4a64731351de5bab30ad413
hegelsom,074e3780-2527-41ac-b453-1ff18b3f6d36,24432b32be890deb86616602c31f0b599eb9e312
hegelsom,074e3780-2527-41ac-b453-1ff18b3f6d36,083014c0f4a7a826fa9714aae4390007aae773f2
hegelsom,074e3780-2527-41ac-b453-1ff18b3f6d36,993a4eaa7aaa696e46466a5375b20c1d15d1b485
hegelsom,074e3780-2527-41ac-b453-1ff18b3f6d36,167c11545193b17eaa6d13364f7da3aee8403502
hegelsom,074e3780-2527-41ac-b453-1ff18b3f6d36,5ef39c94dc8f116e4ff896e4974939a6d646495c
hegelsom,074e3780-2527-41ac-b453-1ff18b3f6d36,ce3cd03cfc850743ac365b4e9cb64e28e0ed75ea
hegelsom,074e3780-2527-41ac-b453-1ff18b3f6d36,e20c8869681f416bc6ca165e84d651c153a3a266
hegelsom,074e3780-2527-41ac-b453-1ff18b3f6d36,d2dec10c390450c132f63c497f6bb0eae5f916bc
hegelsom,074e3780-2527-41ac-b453-1ff18b3f6d36,161845b836b4e13344053bbd3590551fd374a434
hegelsom,074e3780-2527-41ac-b453-1ff18b3f6d36,a1ca48728a8a3d2106fd54a567eb50d47c135797
hegelsom,074e3780-2527-41ac-b453-1ff18b3f6d36,648b6a9f6b24d870cdc1e47cdbba92adf536fd5d
hegelsom,074e3780-2527-41ac-b453-1ff18b3f6d36,3b0d3f391a46ec2e018430b20a308ac6d0d02895
hegelsom,074e3780-2527-41ac-b453-1ff18b3f6d36,171596ea423dc6ea2b8251ceea09da5d051db302
hegelsom,074e3780-2527-41ac-b453-1ff18b3f6d36,415c25ff569f9de4523fc48c002b55de8f6ff162
hegelsom,074e3780-2527-41ac-b453-1ff18b3f6d36,03b7d415e8957d7f2a818d4ce547a0cbb0a23845
hegelsom,074e3780-2527-41ac-b453-1ff18b3f6d36,7cd494efb179b175d873d33a5c14a2bdf10138e1
hegelsom,074e3780-2527-41ac-b453-1ff18b3f6d36,f9bd64e0d7dec91f5e5cddf53bed8255654c0622
hegelsom,074e3780-2527-41ac-b453-1ff18b3f6d36,82e6c6d4917aaa01dd2c9992020211d17f92c5e9
hegelsom,074e3780-2527-41ac-b453-1ff18b3f6d36,fdba2738c35a159ed912b824186900eb2c585d6b
hegelsom,074e3780-2527-41ac-b453-1ff18b3f6d36,d3e7422b9efcb92311871e53fdb897f18e56556d
hegelsom,074e3780-2527-41ac-b453-1ff18b3f6d36,4c953e4f1843fac6b836cebca1255f067d2520e3
hegelsom,074e3780-2527-41ac-b453-1ff18b3f6d36,29abca40e3d95e75c1e493cb3948dcb6154029e5
hegelsom,074e3780-2527-41ac-b453-1ff18b3f6d36,759786caa84eddf655d7b0c299bf8b14a443ce64
hegelsom,074e3780-2527-41ac-b453-1ff18b3f6d36,e4463fa65f020d02609d4ce84476eb9ec9888382
hegelsom,074e3780-2527-41ac-b453-1ff18b3f6d36,a686f18652f63ef41171f75dfbb3c3cec3187f3d
hegelsom,074e3780-2527-41ac-b453-1ff18b3f6d36,ed467b4d1fc3f2f894b9bce8c7ca1edeca64f88a
hegelsom,074e3780-2527-41ac-b453-1ff18b3f6d36,7a01f1c068209b56ad08e80c5ab6f2f2fe00c028
hegelsom,074e3780-2527-41ac-b453-1ff18b3f6d36,14c36b8238658ef783dca85ad05e9e55c95390b8
hegelsom,074e3780-2527-41ac-b453-1ff18b3f6d36,73beeded593b0789312fd81f92603bc27ff12b60
hegelsom,074e3780-2527-41ac-b453-1ff18b3f6d36,8d08346fa0111a677706abd77878bbce5f13cf58
hegelsom,074e3780-2527-41ac-b453-1ff18b3f6d36,843155c06f2f4d85f4fb5421abd83aa902fc33be
hegelsom,074e3780-2527-41ac-b453-1ff18b3f6d36,7519b8d9f615f5294b86f1e2f357e8481a98c59a
hegelsom,074e3780-2527-41ac-b453-1ff18b3f6d36,f0f68b2327a6d3eb0fa3e72984e6b3a18fa064f7
hegelsom,074e3780-2527-41ac-b453-1ff18b3f6d36,d5da546598f26f73453e7c50b8e0d3dd42713cd4
hegelsom,074e3780-2527-41ac-b453-1ff18b3f6d36,b76063d44937fe85064916931d6981e1919a473d
hegelsom,074e3780-2527-41ac-b453-1ff18b3f6d36,e61647680d2f4410f54958300343baab1edb84ce
hegelsom,074e3780-2527-41ac-b453-1ff18b3f6d36,bd00079a377a4d767beefd3bb07ed37b0f4d31d7
hegelsom,074e3780-2527-41ac-b453-1ff18b3f6d36,3ea67ceabd6d0e40e20d1335c03241dc29fa5dac
hegelsom,074e3780-2527-41ac-b453-1ff18b3f6d36,d02c4ec8e8fb6e2c1a272f998dc71e65d79d009f
hegelsom,074e3780-2527-41ac-b453-1ff18b3f6d36,0a62049c28a36a73a9ec5dd2cf52a02486a23bc2
hegelsom,074e3780-2527-41ac-b453-1ff18b3f6d36,9125eb0509c410c609b2d3910dcf5b99884160f7
hegelsom,074e3780-2527-41ac-b453-1ff18b3f6d36,0f17847712ece761ec3cb8fa89af82420422be20
hegelsom,074e3780-2527-41ac-b453-1ff18b3f6d36,02cf13ef4843a0c42b408d59cc6410c96c2a8264
hegelsom,074e3780-2527-41ac-b453-1ff18b3f6d36,33e630c3ba192b69fa3b09d9c2dfa66273ddbc08
hegelsom,074e3780-2527-41ac-b453-1ff18b3f6d36,f00287180c3934b3a40c50f47dc95cff942e33a3
hegelsom,074e3780-2527-41ac-b453-1ff18b3f6d36,daa1a166e6d8d3cf28e6cb7f94aca08647f5293a
hegelsom,074e3780-2527-41ac-b453-1ff18b3f6d36,a82c35e2b5753aa4fb0f6eec0fc583d54f89a423
hegelsom,074e3780-2527-41ac-b453-1ff18b3f6d36,009d097615ab1576062e4808815f0bff8c5c1ce7
hegelsom,074e3780-2527-41ac-b453-1ff18b3f6d36,e50883a5a48e16e1fcb076eac2c066e2ac4be643
hegelsom,074e3780-2527-41ac-b453-1ff18b3f6d36,f4027b4524474171a61992bd841b22496c152295
hegelsom,074e3780-2527-41ac-b453-1ff18b3f6d36,0f47d96ba0d2f4159d5a31e0ac3ebda215b7e8dc
hegelsom,074e3780-2527-41ac-b453-1ff18b3f6d36,871bc6224cb70c6f1c833afbd5d30fd0b418c86f
hegelsom,074e3780-2527-41ac-b453-1ff18b3f6d36,d74848167315df1984e40133703b3f58e8c9206b
